{
  "NDAQ": {
    "n_bars": 5000,
    "n_windows": 4,
    "candidates": [
      4,
      6,
      8,
      10,
      12,
      14,
      16,
      18,
      20,
      22,
      24,
      26,
      28,
      30,
      32,
      34,
      36,
      38,
      40
    ],
    "delay_mean_val_sharpe": {
      "4": 4.540885847245703,
      "6": 9.130534344444388,
      "8": 4.289690879472051,
      "10": -0.619231257568791,
      "12": 2.819772057065947,
      "14": 1.6812403786806718,
      "16": -7.851593271342063,
      "18": -5.808762381867254,
      "20": -9.384864649505817,
      "22": -5.213845351046674,
      "24": -7.766276551941674,
      "26": -0.9439092693042288,
      "28": 4.791288017231336,
      "30": 2.0548751413480923,
      "32": 8.859285341891173,
      "34": 3.6885832474754627,
      "36": 5.98663044800713,
      "38": -1.700540673358339,
      "40": -2.070351510382496
    },
    "window_winners": [
      10,
      6,
      8,
      36
    ],
    "best_delay": 8,
    "best_sharpe": 4.289690879472051,
    "p_value": 0.122
  }
}