,open,high,low,close,volume
2026-04-15 00:00:00+00:00,1.17988,1.17988,1.17715,1.1784,27526.0
