,open,high,low,close,volume
2026-04-19 00:00:00+00:00,0.78068,0.78433,0.77984,0.7835,45273.0
