{
  "NDAQ": {
    "n_bars": 3119,
    "n_windows": 4,
    "candidates": [
      4,
      6,
      8,
      10,
      12,
      14,
      16,
      18,
      20,
      22,
      24,
      26,
      28,
      30,
      32,
      34,
      36,
      38,
      40
    ],
    "delay_mean_val_sharpe": {
      "4": 6.867886062131274,
      "6": 15.60606395233612,
      "8": 9.622815760447905,
      "10": 8.500219016465918,
      "12": 0.8203105255146002,
      "14": -4.256605910309441,
      "16": -4.425110502336814,
      "18": -4.365517713721679,
      "20": -0.4896901393137605,
      "22": -8.131026932804284,
      "24": -11.683021522101427,
      "26": -1.8781345408904557,
      "28": 7.282802075218788,
      "30": 5.710685955086713,
      "32": 11.038162021886368,
      "34": 5.506183464854846,
      "36": -4.102854599237995,
      "38": -8.920575317736185,
      "40": -5.524092996817585
    },
    "window_winners": [
      16,
      30,
      6,
      6
    ],
    "best_delay": 10,
    "best_sharpe": 8.500219016465918,
    "p_value": 0.094
  }
}